video_id,channel,title,subtitle,activity,duration_min,intensity,qualities,energy_fit,equipment,places,body_focus,contraindications,intents,course,embeddable,notes
kNbJJOJumlM,SIMONE SHARICE,"Ten minutes, side abs and inner thighs","A quick, focused burn for the obliques and thighs",pilates,10,3,strength;mobility,steady;strong,mat,home;gym;studio,core,pregnancy;postpartum;pelvicFloor,strengthen;energize,main,yes,Focused on obliques and thighs. Side ab curls are not pregnancy safe.
huL9JFjDwVI,SIMONE SHARICE,"Twenty-five minutes, full body beginner mat Pilates","A steady, whole-body flow to build core strength",pilates,25,3,strength;mobility,steady;strong,mat,home;gym;studio,full,pregnancy;postpartum;pelvicFloor,strengthen;mobilize,main,yes,Excellent starter mat workout. Classic abdominal curls require pregnancy/pelvicFloor flags.
bE0ssPhfBfg,SIMONE SHARICE,"Eleven minutes, Pilates arms with weights",Sculpt and strengthen your shoulders and posture,pilates,12,3,strength,steady;strong,mat;weights,home;gym;studio,upperBody,wrists,strengthen,main,yes,Great posture booster. Light dumbbells/weights.
grzqpN2bNTs,SIMONE SHARICE,"Fifteen minutes, core and glutes hourglass flow","A quick, low-impact sequence for the waist and hips",pilates,15,3,strength;mobility,steady;strong,mat,home;gym;studio,full,pregnancy;postpartum;pelvicFloor,strengthen;energize,main,yes,Mat work with glute side series and side bends.
UDuZNDwQrqI,SIMONE SHARICE,"Twenty-five minutes, gentle stress-relief flow","Slow down, move mindfully, and release tension",pilates,25,2,mobility;downRegulation,low;steady,mat,home;gym;studio,full,,calm;mobilize,main,yes,Excellent recovery or low-energy day routine. Completely contraindication-free.
nZaHiSEXqrg,SIMONE SHARICE,"Fifteen minutes, quick full body reset",A fast and efficient flow to wake up the whole body,pilates,15,3,strength;mobility,steady;strong,mat,home;gym;studio,full,pregnancy;postpartum;pelvicFloor,energize;mobilize,main,yes,Quick full body activation on the mat.
5m-hvk7D6QI,SIMONE SHARICE,"Forty-one minutes, full body sculpt with weights","A comprehensive, strength-focused Pilates session",pilates,41,4,strength;endurance,strong,mat;weights,home;gym;studio,full,pregnancy;postpartum;pelvicFloor;wrists,strengthen;energize,main,yes,Longer sculpt format. Uses dumbbells for additional loading.
en2Zs4n4yio,SIMONE SHARICE,"Twenty-four minutes, legs and glutes focus",A mat-based burn targeting the lower body,pilates,24,3,strength;mobility,steady;strong,mat,home;gym;studio,lowerBody,knees,strengthen;mobilize,main,yes,Lower body focus. Side leg work.
l31iSekrSPw,SIMONE SHARICE,"Twelve minutes, tight core and abs",A focused core-strengthening mat routine,pilates,12,3,strength,steady;strong,mat,home;gym;studio,core,pregnancy;postpartum;pelvicFloor,strengthen,main,yes,Core focus. Intense abdominal sequence on the floor.
K3ZQF0VFcNk,SIMONE SHARICE,"Twenty minutes, core and glutes flow",Target the core and hips with this mat routine,pilates,20,3,strength,steady;strong,mat,home;gym;studio,core,pregnancy;postpartum;pelvicFloor,strengthen;energize,main,yes,Combines core work and glute bridges.
HTDFOwzCs4g,SIMONE SHARICE,"Twenty-three minutes, low impact beginner Pilates","A gentle, full-body mat flow with zero jumping",pilates,23,2,mobility;strength,low;steady,mat,home;gym;studio,full,,mobilize;calm,main,yes,Excellent beginner-friendly flow with no high impact movements.
cItPBVsnIgw,SIMONE SHARICE,"Eighteen minutes, high-intensity Pilates arms",A burn-inducing upper body sequence with no equipment,pilates,18,3,strength;endurance,steady;strong,mat,home;gym;studio,upperBody,wrists,strengthen,main,yes,High-repetition upper body endurance work. Mat only.
