exercise_id,name,linked_steps,status
banded-frog-pump,Banded frog pump,2,blocked_mismatched_artwork
deep-breath,Mindful breathing,46,no_bundled_demo
double-leg-stretch,Double leg stretch,1,no_bundled_demo
downward-dog,Downward-Facing Dog,2,no_bundled_demo
figure-four-stretch,Figure four,14,no_bundled_demo
forearm-stretch,Forearm stretch,5,no_bundled_demo
full-body-shake,Full-body shake,11,no_bundled_demo
hiking,Hiking,4,blocked_mismatched_artwork
legs-up-the-wall,Legs up the wall,6,no_bundled_demo
low-lunge,Low lunge,8,no_bundled_demo
lying-hamstring-walkout,Lying hamstring walkout,1,blocked_mismatched_artwork
neck-side-stretch,Neck side stretch,6,no_bundled_demo
pelvic-tilt,Pelvic tilt,12,no_bundled_demo
pilates-swimming,Pilates swimming,1,no_bundled_demo
qigong-cloud-hands,Cloud hands,1,no_bundled_demo
qigong-drawing-the-bow,Drawing the bow,2,no_bundled_demo
qigong-holding-the-ball,Holding the ball,1,no_bundled_demo
qigong-turning-the-waist,Turning the waist,1,no_bundled_demo
reverse-hyperextension,Reverse hyperextension,2,blocked_mismatched_artwork
roll-down,Roll down,1,no_bundled_demo
roll-up,Roll-up,1,no_bundled_demo
rolling-like-a-ball,Rolling like a ball,1,no_bundled_demo
seal-jack,Seal jack,2,blocked_mismatched_artwork
seated-knee-tuck,Seated knee tuck,2,blocked_mismatched_artwork
side-kick,Side kick,2,no_bundled_demo
single-leg-circle,Single leg circle,1,no_bundled_demo
single-leg-stand,Single leg stand,5,no_bundled_demo
single-leg-stretch,Single leg stretch,5,no_bundled_demo
skater-squat,Skater squat,2,blocked_mismatched_artwork
smith-machine-bulgarian-split-squat,Smith machine bulgarian split squat,4,blocked_mismatched_artwork
spine-stretch-forward,Spine stretch forward,2,no_bundled_demo
stability-ball-hamstring-curl,Stability ball hamstring curl,1,blocked_mismatched_artwork
standing-leg-lift,Standing leg lift,1,no_bundled_demo
supine-hamstring-stretch,Hamstring stretch,6,no_bundled_demo
swan-prep,Swan prep,2,no_bundled_demo
the-hundred,The hundred,5,no_bundled_demo
thoracic-rotation,Book opener,8,no_bundled_demo
towel-hamstring-curl,Towel hamstring curl,1,blocked_mismatched_artwork
towel-row,Towel row,2,blocked_mismatched_artwork
tree-pose,Tree pose,2,no_bundled_demo
