session_id,session,step_index,step,cue,activity
app-neck-shoulder-release,Neck and shoulder release,1,Shoulder rolls,"Big and slow, back and down. Five each way.",stretching
app-neck-shoulder-release,Neck and shoulder release,5,Chest opener,"Hands behind your back, lift the chest, breathe wide.",stretching
app-legs-up-the-wall,Legs up the wall,4,Come out slowly,"Bend your knees, roll to one side, take your time sitting up.",breathwork
app-jump-rope-ninety,Ninety seconds of jump rope,1,Warm the ankles,"Bounce lightly on the spot, no rope. Soft knees.",jumpRope
app-jump-rope-ninety,Ninety seconds of jump rope,4,Thirty more,Last set. Stop early if anything twinges.,jumpRope
app-loaded-carry-anything,Carry whatever's heavy,1,Load up,"Two things of equal weight, one in each hand — jugs, bags, whatever's around.",carries
app-loaded-carry-anything,Carry whatever's heavy,2,Walk,"Walk slowly around the room. Ribs down, shoulders back, breathe.",carries
app-loaded-carry-anything,Carry whatever's heavy,4,Walk again,One more pass. Same posture.,carries
app-loaded-carry-anything,Carry whatever's heavy,5,Finish,Set down. Open and close your hands a few times.,carries
app-farmers-carry,Farmer's carry,2,Walk,"Walk slowly. Ribs down, shoulders back, breathe.",carries
app-farmers-carry,Farmer's carry,4,Walk again,One more pass. Same posture.,carries
app-farmers-carry,Farmer's carry,5,Finish,Set down. Open and close your hands a few times.,carries
app-morning-qigong,Five minutes of qigong,3,Turning the waist,Let your arms swing loosely around you. Eyes soft.,qigong
app-morning-qigong,Five minutes of qigong,4,Drawing down,"Hands trace down the front of your body, palms facing you.",qigong
main-pilates-gentle-10,Ten gentle minutes on the mat,7,Knees to chest,Rock side to side. Done.,pilates
main-pilates-core-20,Twenty minutes of mat Pilates,3,Roll ups,"Slow up, slower down. Use the exhale.",pilates
main-pilates-full-30,"Thirty minutes, full body",3,Roll ups,Slow through every vertebra.,pilates
main-pilates-full-30,"Thirty minutes, full body",4,Roll overs,"Legs overhead, then roll back down with control.",pilates
main-pilates-full-30,"Thirty minutes, full body",6,Double leg stretch,"Both knees in, reach long, circle back.",pilates
main-pilates-full-30,"Thirty minutes, full body",7,Scissors,"Legs open and switch in the air, steady breath.",pilates
main-pilates-full-30,"Thirty minutes, full body",10,Leg lifts,"Top leg lifts, both sides.",pilates
main-pilates-full-30,"Thirty minutes, full body",11,Circles,"Small circles with the top leg, both directions.",pilates
main-pilates-full-30,"Thirty minutes, full body",16,Twist,"Rotate from the waist, both sides.",pilates
main-pilates-full-30,"Thirty minutes, full body",17,Finish,"Knees to chest, then stand up slowly.",pilates
main-strength-express-15,Fifteen minutes with weights,1,Warm up,"Arm circles, squats with no weight, a few good breaths.",strength
main-strength-express-15,Fifteen minutes with weights,6,Finish,"Shake out your hands, roll your shoulders.",strength
main-strength-full-30,"Thirty minutes, full strength",1,Warm up,Five minutes of easy movement until you're actually warm.,strength
main-strength-full-30,"Thirty minutes, full strength",7,Cool down,Stretch whatever is loudest.,strength
main-qigong-20,Twenty minutes of qigong,1,Standing,"Feet hip width, knees soft. Just stand for a minute.",qigong
main-qigong-20,Twenty minutes of qigong,3,Turning the waist,Loose arms swinging around the body.,qigong
main-qigong-20,Twenty minutes of qigong,4,Cloud hands,"Weight shifting side to side, hands passing the centre.",qigong
main-qigong-20,Twenty minutes of qigong,5,Holding the ball,"Slow, round, unhurried. Shoulders down.",qigong
main-qigong-20,Twenty minutes of qigong,6,Drawing down,Palms trace down the front. Three times.,qigong
main-qigong-20,Twenty minutes of qigong,7,Stand and close,One quiet minute before you go back to the day.,qigong
main-walk-30,A thirty minute walk,1,Head out,First five minutes are always the hardest. Just get outside.,walking
main-walk-30,A thirty minute walk,2,Settle into it,Find a pace you could hold a conversation at.,walking
main-walk-30,A thirty minute walk,3,Pick it up,"If you feel like it, walk a bit faster for a few minutes.",walking
main-walk-30,A thirty minute walk,4,Ease back,Slow down for the last stretch home.,walking
main-dance-20,Twenty minutes of dancing,1,Pick the music,Something you actually like. This matters more than the movement.,dance
main-dance-20,Twenty minutes of dancing,2,Start small,"Shoulders, hips, feet. Let it build.",dance
main-dance-20,Twenty minutes of dancing,3,Full out,Nobody's watching. Change songs whenever you want.,dance
main-dance-20,Twenty minutes of dancing,4,Wind down,"Slow the last song down, breathe, shake out your arms.",dance
main-yoga-flow-20,Twenty minutes of flow,3,Down dog and lunges,"Step forward, sink the hips, breathe.",yoga
main-yoga-flow-20,Twenty minutes of flow,4,Standing sequence,Whatever shape you know. Hold each one for five breaths.,yoga
main-yoga-flow-20,Twenty minutes of flow,7,Twists — right,"Seated, right side first.",yoga
main-yoga-flow-20,Twenty minutes of flow,8,Twists — left,Switch to the left.,yoga
main-yoga-flow-20,Twenty minutes of flow,9,Final rest (Savasana),Flat on your back. Don't skip this part.,yoga
main-bike-45,A forty-five minute ride,1,Roll out easy,Ten easy minutes before you ask anything of your legs.,biking
main-bike-45,A forty-five minute ride,2,Steady,A pace you could hold for an hour.,biking
main-bike-45,A forty-five minute ride,3,Two harder efforts,"Three minutes on, three minutes easy. Skip if you'd rather.",biking
main-bike-45,A forty-five minute ride,4,Spin home,"Light gear, easy legs.",biking
side-walk-the-call,Walk your next call,1,Headphones in,"Before it starts, not five minutes into it.",walking
side-walk-the-call,Walk your next call,2,Walk,"Anywhere. Around the block, up and down the hall.",walking
side-walk-the-call,Walk your next call,3,Finish standing,Roll your shoulders out before you sit back down.,walking
side-desk-shoulder-reset,Shoulder reset between meetings,3,Thread the needle,Seated is fine. Reach one arm under the other.,stretching
side-single-leg-balance,Stand on one leg while you brush your teeth,3,Eyes closed (optional),Stand on either leg and close your eyes for a few breaths. Only try this with the sink or counter within reach.,strength
side-skater-bounds,Five minutes of skater bounds,1,Warm up,"March on the spot, then small side steps.",agility
side-skater-bounds,Five minutes of skater bounds,4,Bound again,"Quicker if it feels good, smaller if it doesn't.",agility
side-skater-bounds,Five minutes of skater bounds,6,Last set,Then walk it off for thirty seconds.,agility
dessert-three-songs,Dance to three songs,1,Song one,Whatever's stuck in your head.,dance
dessert-three-songs,Dance to three songs,2,Song two,Something faster.,dance
dessert-three-songs,Dance to three songs,3,Song three,Something you'd be embarrassed to admit you love.,dance
dessert-shower-and-legs-up,"Long shower, then legs up the wall",1,Shower,As long as you like. As hot as you like.,breathwork
dessert-sunlight-walk,Ten minutes in the light,1,Go outside,"No headphones, if you can stand it.",walking
dessert-sunlight-walk,Ten minutes in the light,2,Walk,Look at things that are far away.,walking
dessert-sunlight-walk,Ten minutes in the light,3,Come back,That's the whole thing.,walking
dessert-skate,Go for a skate,1,Get set up,"Pads on. Yes, really.",skating
dessert-skate,Go for a skate,2,Easy laps,Find your legs again.,skating
dessert-skate,Go for a skate,3,Play,Whatever you feel like doing.,skating
dessert-skate,Go for a skate,4,Finish,Stop while it's still fun.,skating
special-swim,Swim,1,Easy laps,Ten minutes of nothing hard.,swimming
special-swim,Swim,2,Steady set,Break it up however you like. Rest at the wall.,swimming
special-swim,Swim,3,Easy again,"Finish feeling good, not finished.",swimming
special-reformer-class,A reformer class,1,Arrive early,Five minutes to settle beats arriving flustered.,pilates
special-reformer-class,A reformer class,2,The class,Follow the teacher. Ask for the version that suits your body.,pilates
special-pickleball,Play pickleball,1,Warm up,Move side to side before you play. The ankles will thank you.,racquet
special-pickleball,Play pickleball,2,Play,Rest between games properly.,racquet
special-pickleball,Play pickleball,3,Stretch after,"Calves and hips, five minutes.",racquet
special-climb,A climbing session,1,Warm up,Easy routes first. Always.,climbing
special-climb,A climbing session,2,Climb,Rest as long as you climb.,climbing
side-gym-carry-the-floor,"Two heavy things, one lap",1,Pick your weight,"Two dumbbells you can hold, not two you have to fight.",carries
side-gym-carry-the-floor,"Two heavy things, one lap",3,Set down and breathe,"Put them down before your grip gives out, not after.",carries
main-gym-machines-20,Twenty minutes on the machines,1,Settle in,Walk a couple of minutes. Roll your shoulders. No rush.,strength
main-gym-machines-20,Twenty minutes on the machines,6,Finish,Shake out your hands. A slow walk to the door.,strength
main-gym-floor-30,Thirty minutes on the gym floor,1,Warm up,"Five minutes of easy walking, then arm circles and a few squats with nothing in your hands.",strength
dessert-gym-sauna-and-stretch,"Sauna, then the quiet mat in the corner",1,Heat,Sit. Take your time getting out. Water afterwards.,breathwork
dessert-living-room-floor-unwind,Living room floor unwind,1,Get on the floor,"Carpet, rug, or mat. Lie on your back.",breathwork
dessert-living-room-floor-unwind,Living room floor unwind,2,Knees to chest,Gentle rock side to side.,breathwork
dessert-living-room-floor-unwind,Living room floor unwind,3,Constructive rest,"Feet flat on the floor, knees bent together, hands on belly.",breathwork
dessert-living-room-floor-unwind,Living room floor unwind,4,Roll up,Take your time coming up.,breathwork
dessert-barefoot-breath,Barefoot porch breath,1,Step out,"Barefoot on the porch, balcony, or by an open window.",breathwork
dessert-barefoot-breath,Barefoot porch breath,3,Look at the horizon,Soft gaze into the distance.,breathwork
dessert-favorite-playlist-groove,Favorite playlist groove,1,Pick two tracks,Put on whatever makes you smile.,breathwork
dessert-favorite-playlist-groove,Favorite playlist groove,2,Move freely,"Sway, tap, or shake out whatever feels stiff.",breathwork
dessert-tea-and-quiet-stretch,Tea and quiet floor stretch,2,Seated side reach — right,Right arm up and over.,breathwork
dessert-tea-and-quiet-stretch,Tea and quiet floor stretch,3,Seated side reach — left,Switch. Left arm up and over.,breathwork
dessert-park-bench-stretch,Park bench quiet stretch,1,Find a bench,"Sit tall, feet flat on the grass or path.",stretching
dessert-park-bench-stretch,Park bench quiet stretch,4,Chest opener,"Hands behind bench, open the collarbones.",stretching
side-doorway-chest-opener,Doorway chest and spine opener,3,Shoulder rolls,"Roll shoulders backward 5 times, forward 5 times.",stretching
side-toothbrush-calf-raises,Calf raises while brushing teeth,3,Ankle circles,Clockwise and counterclockwise.,strength
side-desk-wrist-reset,Desk wrist and forearm reset,3,Finger fan and fist,"Spread fingers wide, make gentle fists.",stretching
side-quick-block-loop,One lap around the block,1,Step out,Lace up and head out the front door.,walking
side-quick-block-loop,One lap around the block,2,Brisk walk,"Natural stride, arms swinging freely.",walking
side-quick-block-loop,One lap around the block,3,Cool down walk,Slow pace back to your door.,walking
app-desk-chair-squats,Desk chair squat breaks,1,Stand in front of your chair,"Feet hip-width apart, toes slightly turned out. Roll shoulders back.",strength
app-desk-chair-squats,Desk chair squat breaks,3,Standing glute squeeze holds,"Stand tall, tuck your pelvis slightly, and squeeze glutes firmly for 3 seconds per rep.",strength
app-desk-hip-glute-reset,Hip flexor & glute reset,1,Standing hip flexor reach (Right),"Step right foot back, tuck tailbone slightly, and reach right arm up and over to feel the front hip open.",stretching
app-desk-hip-glute-reset,Hip flexor & glute reset,2,Standing hip flexor reach (Left),"Step left foot back, tuck tailbone, and reach left arm high. Breathe into the front hip crease.",stretching
app-desk-hip-glute-reset,Hip flexor & glute reset,4,Standing wide hip circles,"Hands on your hips, make big slow circles clockwise and counter-clockwise to lubricate hip joints.",stretching
main-desk-worker-posture-flow,All-day desk worker reset,3,Supported deep squat hold,"Hold onto a desk or doorframe, sink into a deep squat.",stretching
main-desk-worker-posture-flow,All-day desk worker reset,4,Hip pry,"Shift weight side to side, pressing gently into each hip.",stretching
side-desk-micro-squats,Coffee break counter squats,1,Kettle start & stance set,"Start your coffee or microwave, face the kitchen counter, and place feet shoulder-width apart.",strength
side-desk-micro-squats,Coffee break counter squats,4,Take your fresh cup & walk,Grab your drink feeling energized and refreshed.,strength
app-single-song-dance,The single-song dance party,1,Queue your song,"Pick the highest-energy, zero-judgment song on your playlist and turn the volume up.",dance
app-single-song-dance,The single-song dance party,2,Shake out hands & shoulders,"Loosen your wrists, drop your shoulders, and let the bass take over.",dance
app-single-song-dance,The single-song dance party,3,Dance uninhibited,"No choreography, no performance. Jump, spin, flail, or groove however your body wants.",dance
app-sunlight-strut,Sunlight strut,1,Step outside barefoot,"Kick off your shoes and step onto the grass, deck, or patio. Feel the ground beneath you.",walking
app-sunlight-strut,Sunlight strut,2,Ground your feet,Spread your toes into the earth. Turn your face toward the natural light.,walking
app-sunlight-strut,Sunlight strut,4,Slow grounding strut,"Take slow, deliberate barefoot steps. Notice the temperature and texture underfoot.",walking
app-desk-escape-stretch,Desk escape stretch,1,Stand & step back,Push your chair away from the desk and stand tall with feet hip-width apart.,stretching
app-desk-escape-stretch,Desk escape stretch,3,Shoulder shrugs & chest opener,"Roll shoulders up, back, and down. Clasp hands behind your back and open the collarbones.",stretching
app-power-explosions,Power explosions,2,First explosion: 15 rapid reps,"Power through 15 fast jumping jacks or snappy bodyweight squats. Quick, sharp, alive.",strength
app-power-explosions,Power explosions,4,Second explosion: 15 rapid reps,"Match the speed or go slightly faster. Light on your feet, full extension at the top.",strength
side-active-posture-shift,Active posture shift,1,Change it up,"Stand up, or use a stability ball or walking pad if you have one.",walking
side-active-posture-shift,Active posture shift,2,Align your spine,Stack your ribcage over your pelvis. Keep your chin level and shoulders relaxed.,walking
side-active-posture-shift,Active posture shift,3,Keep moving,"Keep moving gently through the call: shift your weight, pace, or bounce lightly on the ball.",walking
side-active-posture-shift,Active posture shift,4,Step off & calf stretch,"Hands on the desk, press one heel back into the floor to stretch your calf. Then the other.",walking
main-discovery-walk,The discovery walk,1,Lace up & pick the unknown turn,"Shoes on. Decide right now to take the street, alley, or fork you've never walked down before.",walking
main-discovery-walk,The discovery walk,2,Novelty outward march,"Walk at a brisk, comfortable pace. Spot 5 architectural details or plants you never noticed.",walking
main-discovery-walk,The discovery walk,3,Deep loop exploration,Follow the trail or side street where it leads. Keep your gaze up and off the phone screen.,walking
main-discovery-walk,The discovery walk,4,Relaxed return stride,Ease your pace as you head back home. Let your arms swing freely and breathe deeply.,walking
main-mindful-yoga-flow,Mindful yoga flow,4,Deep Yin hip openers — right,Settle into Pigeon or Lizard pose. Surrender into the stretch and breathe into tightness.,yoga
main-mindful-yoga-flow,Mindful yoga flow,5,Deep Yin hip openers — left,"Switch sides. Same surrender, same breath.",yoga
main-mindful-yoga-flow,Mindful yoga flow,6,Reclined spinal twists — right,"Lie on your back, draw knees to chest, and drop them gently to one side.",yoga
main-mindful-yoga-flow,Mindful yoga flow,7,Reclined spinal twists — left,Switch. Drop your knees to the other side.,yoga
main-mindful-yoga-flow,Mindful yoga flow,8,Savasana still integration,Extend arms and legs wide on your mat. Total release into the floor.,yoga
main-sweat-investment,Full-body strength circuit,1,Dynamic joint warm-up,"Arm circles, hip hinges, world's greatest stretch, and light bodyweight squats to prime the engine.",strength
main-sweat-investment,Full-body strength circuit,2,Block 1: Power & legs,Alternate between 10 kettlebell / dumbbell goblet squats and 15 explosive hip swings. 3 rounds. Take breaks whenever you need them.,strength
main-sweat-investment,Full-body strength circuit,3,Block 2: Upper body push-pull,Push-ups or dumbbell overhead presses paired with bent-over rows. Smooth control on every rep. Take breaks whenever you need them.,strength
main-sweat-investment,Full-body strength circuit,4,Block 3: Core & lunge burn,Alternating reverse lunges into 45-second hollow body or forearm plank holds. Take breaks whenever you need them.,strength
main-local-studio-session,Local studio session,1,Arrive & settle in,"Step into the studio, sign in, kick off your coat, and soak in the buzzing community energy.",dance
main-local-studio-session,Local studio session,2,Instructor guided warm-up,Follow along with the group warm-up. Match the collective rhythm in the room.,dance
main-local-studio-session,Local studio session,3,Main class block,"Ride the group momentum through the main choreography, intervals, or guided sequences.",dance
main-local-studio-session,Local studio session,4,Group cool-down & connection,"Group stretches, breath together, and a shared round of applause with your fellow movers.",dance
des-guided-foam-rolling,Guided foam rolling,1,Queue your video & mat setup,"Pick exactly one 15-minute video reward, prop your screen up, and place your foam roller on the mat.",stretching
des-guided-foam-rolling,Guided foam rolling,2,Calves rolling,Slow passes along the lower legs. Pause over any tender spots.,stretching
des-guided-foam-rolling,Guided foam rolling,3,Hamstrings rolling,"Roll up the back of the thighs, breathing gently.",stretching
des-guided-foam-rolling,Guided foam rolling,4,Glutes release,Cross one ankle over the opposite knee on the roller.,stretching
des-guided-foam-rolling,Guided foam rolling,5,Piriformis release,"Lean slightly into the outer hip, breathe through it.",stretching
des-guided-foam-rolling,Guided foam rolling,6,Upper back roll,"Support your head with your hands, roller across mid-back.",stretching
des-guided-foam-rolling,Guided foam rolling,8,Lying flat integration,"Move the roller aside, lie completely flat on the mat, and let everything go heavy.",stretching
des-luxury-recovery-soak,Luxury recovery soak,1,Draw the bath,"Run the water hot, add bath salts if you like them, and dim the bathroom lights.",stretching
des-luxury-recovery-soak,Luxury recovery soak,2,Submerge & settle,"Step in slowly, ease shoulders beneath the waterline, and let the warm mineral water hold you.",stretching
des-luxury-recovery-soak,Luxury recovery soak,3,Soak,Close your eyes. Let every exhale be long and unhurried.,stretching
des-luxury-recovery-soak,Luxury recovery soak,4,Gentle seated neck & shoulder stretches,Slowly roll your neck and stretch shoulders in the steam before stepping out into a towel.,stretching
spec-nature-immersion,Nature immersion hike,1,Pack water & trail prep,"Pack a water bottle, trail snack, and lace up your hiking boots at the trailhead.",walking
spec-nature-immersion,Nature immersion hike,2,Trailhead start & steady uphill cadence,"Set a steady, unhurried uphill stride. Tune into the sound of leaves, wind, and your footsteps.",walking
spec-nature-immersion,Nature immersion hike,3,Lookout rest & mindful grounding,"Reach the summit or scenic viewpoint. Sit down, sip water, and gaze into the open horizon.",walking
spec-nature-immersion,Nature immersion hike,4,Forest descent & deep breathing,"Navigate the descent with soft knees, inhaling forest air and soaking in the calm vitality.",walking
spec-spa-sauna-cycles,Spa & sauna thermal cycles,1,Warm shower & water,"Rinse off with a warm shower, drink a big glass of water, and head into the quiet space.",stretching
spec-spa-sauna-cycles,Spa & sauna thermal cycles,2,"Heat, round one",Sit or lie in the sauna or a hot bath. Let yourself get properly warm.,stretching
spec-spa-sauna-cycles,Spa & sauna thermal cycles,3,Cool rinse,Step into a cold plunge or cool shower for as long as feels okay. Keep your exhales slow and steady.,stretching
spec-spa-sauna-cycles,Spa & sauna thermal cycles,4,Rest,Wrap up warm and lie back. Nothing to do for a while.,stretching
spec-spa-sauna-cycles,Spa & sauna thermal cycles,5,Second sauna & cool cycle,"Return to the heat for round two, followed by a final refreshing cool rinse.",stretching
spec-spa-sauna-cycles,Spa & sauna thermal cycles,6,Integration & light mobility,Gentle seated spinal twists and hip openers in the relaxation lounge before heading out.,stretching
spec-performance-coaching,1-on-1 coaching session,1,Check in,Talk through how you've been feeling and what you'd like to focus on today.,strength
spec-performance-coaching,1-on-1 coaching session,2,Warm up,Band work and easy joint circles to get ready for the main part.,strength
spec-performance-coaching,1-on-1 coaching session,3,Main lift or skill,"Work on technique with your coach, at a weight that suits today.",strength
spec-performance-coaching,1-on-1 coaching session,4,Extra work,"Single-side, core, or slow-tempo exercises to round things out.",strength
spec-performance-coaching,1-on-1 coaching session,5,Wrap up,Talk about what went well and anything to try before next time.,strength
app-shake-out-five,Five-minute shake-out,2,Shake arms & wrists,"Shake your hands and arms freely, as if flicking water from your fingertips.",agility
app-shake-out-five,Five-minute shake-out,4,Shake legs & hips,"Shake one leg, then the other. Let your hips and calves loosen up.",agility
app-power-pose-two,Two-minute power pose,1,Take up space,"Feet hip-width apart, hands firmly on hips. Roll your shoulders back and open your collarbones.",stretching
app-power-pose-two,Two-minute power pose,3,Ground & soften,Release your arms gently. Keep the upright dignity in your spine as you move into the day.,stretching
main-brisk-walk-ten,Ten-minute brisk walk,1,Easy start,Begin walking at a relaxed pace. Let your arms swing naturally and relax your jaw.,walking
main-brisk-walk-ten,Ten-minute brisk walk,2,Brisk stride,Pick up the tempo to a purposeful pace. Breathe in rhythm with your steps.,walking
main-brisk-walk-ten,Ten-minute brisk walk,3,Steady coast,Maintain your stride. Notice your surroundings without rushing your thoughts.,walking
main-qigong-12,Twelve minutes of qigong,1,Standing,"Stand with your feet hip-width apart and your knees slightly bent. Let your arms hang at your sides. Breathe in through your nose and out slowly, with your weight even on both feet.",qigong
main-qigong-12,Twelve minutes of qigong,8,Stand and close,"Let your arms drop to your sides and stand still. Take a few slow breaths, then go back to your day.",qigong
main-dance-10,Ten-minute dance break,1,Pick the music,Something you actually like. This matters more than the movement.,dance
main-dance-10,Ten-minute dance break,2,Start small,Sway from side to side and roll your shoulders. Let your hips and feet join in when you feel like it.,dance
main-dance-10,Ten-minute dance break,3,Full out,"Dance however you like, big or small, with no plan. Change songs whenever you want.",dance
main-dance-10,Ten-minute dance break,4,Slow it down,Let your movements slow down with the music. Let your arms hang loose and breathe slowly.,dance
main-standing-mobility-12,Twelve-minute standing mobility,1,Arrive,Stand tall with your feet hip-width apart. Take three slow breaths and feel your feet on the ground.,stretching
main-standing-mobility-12,Twelve-minute standing mobility,2,Shoulder rolls,"Roll your shoulders in slow circles, forward and then backward. Keep your neck relaxed.",stretching
main-standing-mobility-12,Twelve-minute standing mobility,7,Hip circles,"Put your hands on your hips and stand with your feet shoulder-width apart. Draw big, slow circles with your hips, then reverse direction.",stretching
main-standing-mobility-12,Twelve-minute standing mobility,12,Reach and fold,Reach both arms up toward the ceiling. Then bend forward from your hips with your knees soft and let your head and arms hang.,stretching
main-standing-mobility-12,Twelve-minute standing mobility,13,Stand and close,"Roll up slowly, one section of your spine at a time, and stand tall for a breath.",stretching
main-standing-strength-12,Twelve-minute standing strength,1,March in place,Lift your knees and swing your arms. Keep it easy; this is your warm-up.,strength
main-standing-strength-12,Twelve-minute standing strength,11,Slow breaths,Rest your hands on your belly. Breathe in through your nose and out through your mouth.,strength
side-dance-it-out-five,Five-minute dance it out,1,Find the rhythm,"Start swaying, tapping your feet, or rolling your shoulders to the beat.",dance
side-dance-it-out-five,Five-minute dance it out,2,Free movement,"No choreography needed. Shake, bounce, groove—let your body lead without judgment.",dance
side-dance-it-out-five,Five-minute dance it out,3,Cool down sway,"Slow the tempo down. Deep breath in through your nose, easy sigh out through your mouth.",dance
dessert-pmr-ten,Progressive muscle relaxation,1,Lie down & settle,Find a comfortable position lying on your back or couch. Close your eyes and breathe gently.,breathwork
dessert-pmr-ten,Progressive muscle relaxation,2,Feet & calves,Curl your toes and squeeze your calves tight for 5 seconds... now completely release. Feel the warmth.,breathwork
dessert-pmr-ten,Progressive muscle relaxation,3,Thighs & glutes,Firmly tighten your thighs and glutes for 5 seconds... release and let your legs sink into the floor.,breathwork
dessert-pmr-ten,Progressive muscle relaxation,4,Hands & arms,Make fists and flex your arms for 5 seconds... let go and feel all holding drain from your fingertips.,breathwork
dessert-pmr-ten,Progressive muscle relaxation,5,Shoulders & chest,Shrug shoulders toward your ears and tighten your chest... exhale and let them drop heavy and loose.,breathwork
dessert-pmr-ten,Progressive muscle relaxation,6,Face & jaw,"Scrunch your forehead, eyes, and clench your jaw... exhale and let every line in your face soften.",breathwork
dessert-pmr-ten,Progressive muscle relaxation,7,Total body release,"Rest in deep, effortless stillness. Notice how light and relaxed your whole body feels.",breathwork
app-cold-water-splash,Cold water splash reset,1,Prepare cool water,Run cold tap water over your hands or get an ice cube ready.,breathwork
app-cold-water-splash,Cold water splash reset,2,Splash & breathe,"Splash cold water across your face, cheeks, and forehead. Feel the immediate thermal sensation.",breathwork
side-stretch-and-breathe,Stretch and breathe,1,Slow neck rolls,"Gently circle your ear toward one shoulder, down across your chest, and to the other side.",stretching
side-stretch-and-breathe,Stretch and breathe,2,Shoulder circles,"Roll your shoulders backward in large, fluid circles, syncing each lift with an inhale.",stretching
side-stretch-and-breathe,Stretch and breathe,3,Side bend,"Reach one arm up and curve gently to the side, opening your ribs. Switch sides smoothly.",stretching
dessert-gratitude-scan-five,Gratitude body scan,2,Thank your feet & legs,Bring gentle attention to your legs and feet. Silently acknowledge how many steps they carried you today.,breathwork
dessert-gratitude-scan-five,Gratitude body scan,3,Thank your back & core,Notice your spine and chest. Acknowledge your heart beating and lungs breathing effortlessly.,breathwork
dessert-gratitude-scan-five,Gratitude body scan,4,Thank your hands & arms,"Rest awareness in your hands. Appreciate everything they helped you build, write, and touch today.",breathwork
app-jumping-jacks-two,Two-minute jumping jacks burst,1,Light bounce in place,Shake out your wrists and bounce lightly on the balls of your feet.,agility
app-jumping-jacks-two,Two-minute jumping jacks burst,5,Land & feel the buzz,Pause with palms facing forward. Notice your energized pulse and awake mind.,agility
side-standing-arms-five,Five minutes of standing arms,5,Shake out,Let your arms hang and shake them loose.,strength
main-arms-shoulders-ten,Ten minutes of arms and shoulders,3,Rest and breathe,Shake out your hands and take a few slow breaths.,strength
main-arms-shoulders-ten,Ten minutes of arms and shoulders,6,Rest and shake out,Sit back on your heels and shake out your wrists.,strength
main-push-ups-planks-fifteen,Fifteen minutes of push-ups and planks,1,March and arm circles,March in place and circle your arms. Start easy and build up.,strength
main-push-ups-planks-fifteen,Fifteen minutes of push-ups and planks,4,Rest and breathe,Shake out your hands and breathe.,strength
main-push-ups-planks-fifteen,Fifteen minutes of push-ups and planks,7,Rest and shake out,Sit back on your heels and shake out your wrists.,strength
main-push-ups-planks-fifteen,Fifteen minutes of push-ups and planks,10,Rest on your back,Lie on your back and let your arms fall open.,strength
main-low-impact-circuit-ten,Ten minutes of low-impact circuit,1,March warm-up,"March in place, swinging your arms. Easy pace.",strength
main-low-impact-circuit-ten,Ten minutes of low-impact circuit,2,Step jacks,"Step one foot out and raise your arms, then switch. No jumping.",strength
main-low-impact-circuit-ten,Ten minutes of low-impact circuit,5,Standing knee to elbow,Lift one knee and bring the opposite elbow toward it. Alternate sides.,strength
main-low-impact-circuit-ten,Ten minutes of low-impact circuit,6,Round two: step jacks,Same again. Keep it smooth.,strength
main-low-impact-circuit-ten,Ten minutes of low-impact circuit,9,Round two: knee to elbow,"Alternate sides, standing tall.",strength
main-low-impact-circuit-ten,Ten minutes of low-impact circuit,10,Slow walk,Walk around slowly and let your breathing settle.,strength
side-standing-core-five,Five minutes of standing core,1,March tall,March in place with tall posture. Ribs stacked over hips.,strength
side-standing-core-five,Five minutes of standing core,2,Standing knee to elbow,Lift one knee and bring the opposite elbow toward it. Alternate sides at an easy pace.,strength
side-standing-core-five,Five minutes of standing core,4,Side reaches,Reach one arm overhead and lean to the side. Switch sides halfway.,strength
side-standing-core-five,Five minutes of standing core,5,Tall posture hold,"Stand tall, feet together. Gently draw your belly in and breathe.",strength
main-morning-mobility-ten,Ten minutes of morning mobility,10,Full-body reach,Stand and reach both arms overhead. Breathe in tall.,stretching
side-ankle-mobility-five,Five minutes of ankle mobility,1,Ankle circles,Lift one foot and draw slow circles. Switch sides halfway.,stretching
side-ankle-mobility-five,Five minutes of ankle mobility,5,Toe and heel walks,"Walk a few steps on your toes, then on your heels.",stretching
side-arm-hand-glides-three,Three minutes of arm and hand glides,1,Wrist circles,"Make loose fists and circle both wrists slowly, then reverse.",stretching
side-arm-hand-glides-three,Three minutes of arm and hand glides,3,Arm glides,"Reach one arm out to the side, palm up, and slowly turn the palm down. Alternate arms.",stretching
main-sixty-seconds-mobility-ten,"Ten minutes, sixty seconds each",1,Neck rolls,"Slow half-circles, chin toward chest. Keep your shoulders down.",stretching
main-sixty-seconds-mobility-ten,"Ten minutes, sixty seconds each",5,Hip circles,"Hands on hips, draw wide circles. Reverse halfway.",stretching
main-morning-energy-twelve,Twelve-minute morning energy,1,Gentle bounces,"Rise and fall on the balls of your feet, heels barely lifting. Stay loose.",agility
main-morning-energy-twelve,Twelve-minute morning energy,2,Body wave,"Roll from your knees up through your hips, ribs and shoulders, like a wave.",agility
main-morning-energy-twelve,Twelve-minute morning energy,3,Arm swings,Swing both arms across your chest and open wide.,agility
main-morning-energy-twelve,Twelve-minute morning energy,4,Trunk twists,"Feet planted, turn your torso side to side and let your arms follow.",agility
main-morning-energy-twelve,Twelve-minute morning energy,5,Loose arms,Turn from the waist and let your arms flop around your body.,agility
main-morning-energy-twelve,Twelve-minute morning energy,6,Golf swings,Swing both arms from one side up over the opposite shoulder. Switch sides halfway.,agility
main-morning-energy-twelve,Twelve-minute morning energy,7,March and clap,March in place and clap under each lifted knee.,agility
main-morning-energy-twelve,Twelve-minute morning energy,8,Side reaches,"Step wide, reach up and over. Alternate sides.",agility
main-morning-energy-twelve,Twelve-minute morning energy,9,Step-back swings,Swing your arms up and step one foot back. Alternate sides.,agility
main-morning-energy-twelve,Twelve-minute morning energy,11,Wide stance sit,"Feet wide, sit into a shallow squat and hold, breathing steadily.",agility
side-gentle-reset-five,Five-minute gentle movement reset,1,Soft bounces,Let your knees bend and spring gently. Loose arms.,stretching
side-gentle-reset-five,Five-minute gentle movement reset,2,Rag doll,Fold forward with soft knees and hang. Sway a little.,stretching
side-gentle-reset-five,Five-minute gentle movement reset,3,Shoulder taps,"Tap each shoulder with the opposite hand, slowly.",stretching
side-gentle-reset-five,Five-minute gentle movement reset,4,Arm swings,Swing your arms across your chest and open wide.,stretching
side-gentle-reset-five,Five-minute gentle movement reset,5,Hip circles,"Hands on hips, draw slow circles. Reverse halfway.",stretching
side-gentle-reset-five,Five-minute gentle movement reset,6,Spiral reach,Reach one arm up and across as you turn. Alternate sides.,stretching
side-gentle-reset-five,Five-minute gentle movement reset,7,Full-body tapping,"Tap down your arms, chest and legs with open hands.",stretching
side-morning-floor-five,Five minutes of morning floor moves,1,Knees to chest,"On your back, hug both knees in. Rock gently.",stretching
side-morning-floor-five,Five minutes of morning floor moves,2,Lying torso twists,"Knees together, let them drop to one side, then the other.",stretching
side-morning-floor-five,Five minutes of morning floor moves,4,Marching in place,Stand tall and march with easy arm swings.,stretching
side-ab-circuit-eight,Eight minutes of ab circuit,5,Breathe and reset,Lie back and shake out your arms.,strength
side-ab-circuit-eight,Eight minutes of ab circuit,10,Cool-down,Hug your knees in and rock gently.,strength
main-beginner-calisthenics-fifteen,Fifteen minutes of beginner calisthenics,4,Break and shake out,Shake out your arms and legs.,strength
main-beginner-calisthenics-fifteen,Fifteen minutes of beginner calisthenics,8,Break and shake out,Shake out your wrists and breathe.,strength
main-beginner-calisthenics-fifteen,Fifteen minutes of beginner calisthenics,13,Cool-down stretch,"Hug your knees in, then rest on your back.",strength
side-triceps-five,Five minutes of triceps,5,Shake out,Let your arms hang and shake them loose.,strength
main-shoulders-core-thirty,Thirty minutes of shoulders and core,4,Break and shake out,Shake out your wrists and breathe.,strength
main-shoulders-core-thirty,Thirty minutes of shoulders and core,7,Break and shake out,Sit back on your heels and breathe.,strength
main-shoulders-core-thirty,Thirty minutes of shoulders and core,10,Break and breathe,Lie on your back and breathe.,strength
main-shoulders-core-thirty,Thirty minutes of shoulders and core,14,Break and breathe,Lie back and let your arms fall open.,strength
main-shoulders-core-thirty,Thirty minutes of shoulders and core,20,Cool-down,Hug your knees in and rock gently.,strength
main-bed-yoga-ten,Ten minutes of yoga in bed,2,Knees to chest,Hug both knees in and rock gently.,yoga
main-bed-yoga-ten,Ten minutes of yoga in bed,3,Lying twist,"Knees to one side, arms wide. Switch sides halfway.",yoga
main-bed-yoga-ten,Ten minutes of yoga in bed,7,Seated side bend,Sit tall and reach one arm up and over. Switch sides halfway.,yoga
app-craving-free-pause-two,Two-minute reset pause,1,Stand and stretch,Stand up and reach both arms overhead.,breathwork
app-craving-free-pause-two,Two-minute reset pause,2,Shoulder rolls,"Roll your shoulders back, slowly.",breathwork
app-pilates-breath-pelvic-three,Three minutes of Pilates breathing,3,Knee fold,"Float one foot off the floor, then lower it. Alternate legs. Keep your pelvis still.",pilates
side-pilates-hundred-five,Five minutes of Pilates warm-up,5,Hug your knees,Hold both knees in and rock gently.,pilates
main-pilates-classic-fifteen,Fifteen minutes of classic mat,12,Reach and roll your shoulders,"Reach both arms overhead, then roll your shoulders back.",pilates
main-pilates-legs-glutes-twenty,Twenty minutes of legs and glutes,14,Cool-down,Hug your knees in and rock gently.,pilates
main-pilates-standing-ten,Ten minutes of standing Pilates,7,Side reaches,Reach one arm overhead and lean to the side. Alternate sides.,pilates
main-run-walk-twenty,"Run, walk, repeat",1,Walk it in,Four minutes of brisk walking. Let your arms swing.,running
main-run-walk-twenty,"Run, walk, repeat",2,"Run, then walk","One minute of easy running, then two minutes of walking. Four rounds. Slow enough that you could still talk.",running
main-run-walk-twenty,"Run, walk, repeat",3,"One more round, or keep walking",Another minute of running if you want it. Walking the whole thing counts too.,running
main-run-walk-twenty,"Run, walk, repeat",4,Walk it out,Easy walking to finish.,running
main-easy-run-twenty,An easy twenty-minute run,1,"Walk, then jog","Two minutes walking, then drift into the slowest jog you can manage.",running
main-easy-run-twenty,An easy twenty-minute run,2,Easy running,"Keep it conversational. If you can't speak a sentence, slow down or walk for a bit.",running
main-easy-run-twenty,An easy twenty-minute run,3,Walk it out,Slow to a walk for the last two minutes. Shake out your arms.,running
main-steady-run-thirty,A thirty-minute steady run,1,Easy start,Five minutes easier than you think you need. The rest of the run is better for it.,running
main-steady-run-thirty,A thirty-minute steady run,2,Settle in,"Find a rhythm you could hold for a while. Walk breaks are allowed, whenever you want them.",running
main-steady-run-thirty,A thirty-minute steady run,3,Ease off,"Bring it back down to a jog, then a walk. Finish near your door.",running
side-ten-minute-jog,A ten-minute jog,1,Walk out the door,Two minutes of brisk walking to get going.,running
side-ten-minute-jog,A ten-minute jog,2,Jog,An easy jog. Pick a turnaround point and head back when you reach it.,running
side-ten-minute-jog,A ten-minute jog,3,Walk home,Slow down for the last stretch. That's it.,running
